{"carpet_loss": 0.4774937459400722, "_timestamp": 1724252701.8255033, "_runtime": 99.29827928543091, "_step": 9, "_wandb": {"runtime": 98}}