{"_wandb": {"runtime": 96}, "chest_loss": 0.6796120518445968, "_timestamp": 1732296952.378199, "_runtime": 80.13841819763184, "_step": 0}