{"carpet_loss": 0.4915663983140673, "_timestamp": 1724253724.6435044, "_runtime": 97.45022940635681, "_step": 9, "_wandb": {"runtime": 110}}