{"_wandb": {"runtime": 32}, "candle_loss": 0.5858583816310816, "_timestamp": 1724258153.732926, "_runtime": 28.32941699028015, "_step": 0}