{"carpet_loss": 0.4730761774948665, "_timestamp": 1724254803.714354, "_runtime": 81.45032596588135, "_step": 9, "_wandb": {"runtime": 94}}