{"_wandb": {"runtime": 32}, "candle_loss": 0.5755217582510229, "_timestamp": 1724257852.0725665, "_runtime": 28.715532541275024, "_step": 0}