{"_wandb": {"runtime": 62}, "chest_loss": 0.690456894437472, "_timestamp": 1732299196.0301254, "_runtime": 32.79254937171936, "_step": 0}