{"candle_loss": 0.5578817129135132, "_timestamp": 1732529718.2079582, "_runtime": 3.4141101837158203, "_step": 9, "_wandb": {"runtime": 16}}