{"_wandb": {"runtime": 31}, "candle_loss": 0.5779748428286168, "_timestamp": 1724257994.06946, "_runtime": 27.13758683204651, "_step": 0}