{"carpet_loss": 0.4984171560832432, "_timestamp": 1724253045.6492589, "_runtime": 97.51078486442566, "_step": 9, "_wandb": {"runtime": 97}}