{"carpet_loss": 0.4875706263950893, "_timestamp": 1724253501.8467884, "_runtime": 99.38639330863953, "_step": 9, "_wandb": {"runtime": 98}}