{"candle_loss": 0.11165682500914524, "_timestamp": 1724257497.1957817, "_runtime": 264.38886070251465, "_step": 9, "_wandb": {"runtime": 267}}