{"_wandb": {"runtime": 66}, "chest_loss": 0.681090299487114, "_timestamp": 1732298947.8906062, "_runtime": 32.68639922142029, "_step": 0}